"Regiao","Media.Salarial"
"1","Centro-oeste",5620.47368421053
"2","Nordeste",4565.70588235294
"4","Sudeste",3962.22717391304
"5","Sul",3657.53846153846
"3","Norte",2552.5
